algo,cv_rsq,ho_rsq
lm,0.027136791699795253,1
glmnet,0.46029071072794403,2
ranger,0.58602900794803,3
